company,date,time,language,liked,retweet,id,text
$MSFT,2019-10-07,Mon Oct 07 23:54:01,en,0,0,1181357039106306054,$MSFT Microsoft Says Iran Tried to Hack U.S. Elections via https://t.co/dU2ohMsCEH
$MSFT,2019-10-07,Mon Oct 07 23:44:17,en,0,0,1181354589049753600,"Negative outlook medium- to long-term for $MSFT rank, after short-term strength.

https://t.co/ITKu7hG9Se https://t.co/a5TVLEubie"
$MSFT,2019-10-07,Mon Oct 07 23:42:59,es,0,7,1181354263064322050,"RT @gualestrit: #Microsoft 

Jefferies recomienda compra y sube su precio objetivo de $93 a $160

$MSFT +0.6% after-hours"
$MSFT,2019-10-07,Mon Oct 07 23:33:02,en,0,8,1181351761115639808,RT @theflynews: Fly Intel: After Hours Movers $HA $CE $MSFT $DZSI $AMBA $QGEN $AQN $CHKP $CVM $ORCL https://t.co/vZQAzsSAPK
$MSFT,2019-10-07,Mon Oct 07 23:30:29,en,15,6,1181351116329508864,"Some really nice setups to watch!! üòä

$TSLA - Symmetrical Triangle üìà

$INTC - Cup and Handle üìà

$MSFT - Trendline R‚Ä¶ https://t.co/nXaMFqaZld"
$MSFT,2019-10-07,Mon Oct 07 23:29:14,en,0,8,1181350801593262080,RT @theflynews: Fly Intel: After Hours Movers $HA $CE $MSFT $DZSI $AMBA $QGEN $AQN $CHKP $CVM $ORCL https://t.co/vZQAzsSAPK
$MSFT,2019-10-07,Mon Oct 07 23:24:08,es,2,1,1181349518517751808,"Comparaci√≥n de 12 acciones m√°s compradas en EEUU con el √≠ndice #Nasdaq

$AMD $AAPL $AMZN $FB $NFLX $GOOGL $MSFT‚Ä¶ https://t.co/Ntoyo38BH6"
$MSFT,2019-10-07,Mon Oct 07 23:20:32,en,2,8,1181348612413915136,Fly Intel: After Hours Movers $HA $CE $MSFT $DZSI $AMBA $QGEN $AQN $CHKP $CVM $ORCL https://t.co/vZQAzsSAPK
$MSFT,2019-10-07,Mon Oct 07 23:18:56,en,1,0,1181348209534423040,Insider Buy Superstocks by Jesse C. Stine: https://t.co/MMEXMVasjV $TSLA $FB $LNKD $AAPL $AMZN $MSFT
$MSFT,2019-10-07,Mon Oct 07 23:11:03,en,0,0,1181346227960434689,@blulla1 I like $LYFT -- don't know Meeks but he seems to endorse mostly crowded longs/former winners I've been avo‚Ä¶ https://t.co/FEgwL38i0F
$MSFT,2019-10-07,Mon Oct 07 23:08:30,en,0,44,1181345583765868544,"RT @gualestrit: Peso en el S&amp;P 500 (6/10/19)

4.31% $MSFT Microsoft
3.88% $AAPL Apple
2.97% $AMZN Amazon
1.79% $FB Facebook
1.66% $BRK.B Be‚Ä¶"
$MSFT,2019-10-07,Mon Oct 07 23:04:08,en,0,0,1181344485927723009,üíØüîõüñ•@Microsoft: Linus Torvalds Shares His Thoughts on Microsoft‚Äôs New-Found Love for Linux https://t.co/d62kquPPF3‚Ä¶ https://t.co/YbXUrzlaIn
$MSFT,2019-10-07,Mon Oct 07 23:01:22,en,0,4,1181343791661436929,"RT @HiddenPivots: $MSFT why on earth would you want to trade anything inside a range #Chop
Ignore if you are an investor. https://t.co/6yCx‚Ä¶"
$MSFT,2019-10-07,Mon Oct 07 22:37:05,en,0,10,1181337679709036544,"RT @11Graphs: 1/ Most profitable top 25 largest worldwide companies by EBITDA Margin:
1. üá∫üá∏ VISA $V: 71%
2. üáπüáº TSMC $TSM: 65%
3. üá∫üá∏ MASTERC‚Ä¶"
$MSFT,2019-10-07,Mon Oct 07 22:35:48,en,0,0,1181337356248473602,"Verizon Acquires Jaunt For AR &amp; VR Tech https://t.co/PTCjaPqNeg $VZ, $DIS, $FB, $GOOG, $MSFT, $MSG, $PSM, $SNAP,‚Ä¶ https://t.co/KQpYI1xNAC"
$MSFT,2019-10-07,Mon Oct 07 22:24:20,en,1,0,1181334469749297152,"@BearingtonTrade $MSFT upgrade too AH by Jefferies

But futures these days don't mean a shit  LoL"
$MSFT,2019-10-07,Mon Oct 07 22:14:17,en,1,0,1181331942136000518,"$MSFT $AAPL $CSCO:

How to Find Stocks Poised to Skyrocket:

https://t.co/1NDF7Bzim4"
$MSFT,2019-10-07,Mon Oct 07 22:12:37,en,0,14,1181331522248298496,RT @1MainCapital: Public cloud adoption still in early innings $AMZN $MSFT $GOOG https://t.co/gSd8JFk9bd
$MSFT,2019-10-07,Mon Oct 07 22:09:18,en,0,0,1181330687258976257,10.07.19 Elliott Wave Updates For Big Tech: $AAPL $MSFT AMD¬†W https://t.co/XxLds6EqOu
$MSFT,2019-10-07,Mon Oct 07 22:06:26,en,0,0,1181329967243808770,"The stock correlations of $MSFT, $AAPL, $GOOG &amp; $AMZN to the S&amp;P 500 are high just now, well above 5-year averages.‚Ä¶ https://t.co/UckeqHlL4v"
$MSFT,2019-10-07,Mon Oct 07 22:05:32,en,2,0,1181329737454632962,Seeing several late #darkpool prints just hit the tape in $SLB $NFLX $ABBV $CMCSA $PM $NFLX $IQ $MSFT $KKR $CL $DUK https://t.co/8iNjn0dtMA
$MSFT,2019-10-07,Mon Oct 07 22:02:35,en,0,4,1181328995545223170,"RT @HiddenPivots: $MSFT why on earth would you want to trade anything inside a range #Chop
Ignore if you are an investor. https://t.co/6yCx‚Ä¶"
$MSFT,2019-10-07,Mon Oct 07 21:55:40,en,0,0,1181327257421406209,"Stay ahead with Nasdaq 100 news, views &amp; analysis $MSFT $AAPL $GOOG https://t.co/aT2aUz8Ka2 https://t.co/Fqmyk4727M"
$MSFT,2019-10-07,Mon Oct 07 21:51:38,en,0,0,1181326243112914947,$MSFT upgraded at Jefferies from hold to buy by a new analyst Thill. Target went from $93 to $160. Where has Jeffer‚Ä¶ https://t.co/1qLJzLYa3X
$MSFT,2019-10-07,Mon Oct 07 21:50:09,es,0,7,1181325866078392321,"RT @gualestrit: #Microsoft 

Jefferies recomienda compra y sube su precio objetivo de $93 a $160

$MSFT +0.6% after-hours"
$MSFT,2019-10-07,Mon Oct 07 21:49:10,en,1,0,1181325620007100416,$MSFT https://t.co/nVR1kElkhK
$MSFT,2019-10-07,Mon Oct 07 21:48:46,en,16,0,1181325519607992324,$MSFT üëçüèª UPGRADE AT JEFFERIES https://t.co/IAtG4AjPkR
$MSFT,2019-10-07,Mon Oct 07 21:45:45,en,22,4,1181324759914692608,"$MSFT why on earth would you want to trade anything inside a range #Chop
Ignore if you are an investor. https://t.co/6yCxN0BEVy"
$MSFT,2019-10-07,Mon Oct 07 21:43:55,en,2,0,1181324299304656896,"$AMZN- It need to move over 38.2 % Fib level (~1950) to have a shot at 1964.

Join Us: https://t.co/2mscIKJf8R‚Ä¶ https://t.co/KwzYpBRLc5"
$MSFT,2019-10-07,Mon Oct 07 21:43:13,en,0,62,1181324123181604865,"RT @RebeccaDRobbins: News: $MSFT and $NVS just announced a 5-yr AI partnership. 4 initial projects:
- design molecules
- personalize dosing‚Ä¶"
$MSFT,2019-10-07,Mon Oct 07 21:42:14,en,0,0,1181323875554123780,"Barclays sees beat-and-raise coming for Microsoft $MSFT, techs $DT $TLND $MIME $FTNT 

https://t.co/fIDU4ryFuS"
$MSFT,2019-10-07,Mon Oct 07 21:39:35,es,0,7,1181323206856237056,"RT @gualestrit: #Microsoft 

Jefferies recomienda compra y sube su precio objetivo de $93 a $160

$MSFT +0.6% after-hours"
$MSFT,2019-10-07,Mon Oct 07 21:39:02,en,0,33,1181323072021946373,"RT @winner_trader: Dates of earning reports (Source Yahoo Finance)
$NFLX 16/10

$MSFT 22/10
$AMD 22/10
$TSLA 22/10

$BA 23/10
$AMZN 23/10
$‚Ä¶"
$MSFT,2019-10-07,Mon Oct 07 21:38:47,en,1,0,1181323007760973824,Mutual Funds need some window dressing ....  $AMZN $MSFT $ADBE https://t.co/C9W3lRI9t7
$MSFT,2019-10-07,Mon Oct 07 21:32:29,es,0,7,1181321423610138624,"RT @gualestrit: #Microsoft 

Jefferies recomienda compra y sube su precio objetivo de $93 a $160

$MSFT +0.6% after-hours"
$MSFT,2019-10-07,Mon Oct 07 21:32:01,en,0,0,1181321303560769537,"3 Reasons Microsoft's New Folding Smartphone Could Be a Big Success 
https://t.co/3oc0d7Z1RI
@themotleyfool #stocks‚Ä¶ https://t.co/qBa2hwJEvJ"
$MSFT,2019-10-07,Mon Oct 07 21:31:26,en,2,0,1181321157603155974,"$PCG turning bullish on Weekly

https://t.co/EyAv8mzxk4

$snap $hpq $cost $schw $nflx $bac $fit $bynd $vhc $amd‚Ä¶ https://t.co/mBEupFnn3s"
$MSFT,2019-10-07,Mon Oct 07 21:29:06,es,19,7,1181320568525774850,"#Microsoft 

Jefferies recomienda compra y sube su precio objetivo de $93 a $160

$MSFT +0.6% after-hours"
$MSFT,2019-10-07,Mon Oct 07 21:26:17,en,1,0,1181319860044931072,$MSFT wow160 ü¶è https://t.co/2Uzu8cDtkr
$MSFT,2019-10-07,Mon Oct 07 21:24:29,en,0,1,1181319407383072768,RT @ACInvestorBlog: Jefferies Upgrades $MSFT To Buy and Raises Price Target From $93 To $160
$MSFT,2019-10-07,Mon Oct 07 21:22:33,en,0,0,1181318920642453505,"Microsoft's $MSFT social capital, the value it generates within society through its profit-making efforts, now stan‚Ä¶ https://t.co/1EPm1eYElx"
$MSFT,2019-10-07,Mon Oct 07 21:21:31,en,8,1,1181318663489626112,Jefferies Upgrades $MSFT To Buy and Raises Price Target From $93 To $160
$MSFT,2019-10-07,Mon Oct 07 21:18:44,en,0,1,1181317961031790594,"RT @realsheepwolf: $SNWV:  #DIABETES BREAKTHROUGH 
Using a Non-Invasive Pulsed Acoustic Cellular Expression System to Promote Angiogenesis‚Ä¶"
$MSFT,2019-10-07,Mon Oct 07 21:18:36,en,3,1,1181317929402548225,"$SNWV:  #DIABETES BREAKTHROUGH 
Using a Non-Invasive Pulsed Acoustic Cellular Expression System to Promote Angiogen‚Ä¶ https://t.co/KvxqVi5N9R"
$MSFT,2019-10-07,Mon Oct 07 21:16:15,en,0,0,1181317338509041664,"$MSFT:

Microsoft upgraded by Jefferies: ‚ÄòWe see a large diversified business with excellent visibility‚Äô:

https://t.co/l43QnETKwa"
$MSFT,2019-10-07,Mon Oct 07 21:11:03,en,4,0,1181316026190966790,"$MSFT settled -0.7% at $137.12, notable just fractionally under the 50dma. https://t.co/JXueP0S7vw"
$MSFT,2019-10-07,Mon Oct 07 21:10:24,en,0,0,1181315864873885699,$MSFT  üöÄ üöÄ üíµ üíµ üíµ üíµ üíµ üíµ üíµ https://t.co/qUJ9PND16s
$MSFT,2019-10-07,Mon Oct 07 21:08:43,en,0,0,1181315439655342080,"$MSFT breaks back below 50-day moving average: https://t.co/WZxmA068b9
Sentiment: Neutral #MSFT #Microsoft"
$MSFT,2019-10-07,Mon Oct 07 21:05:07,en,0,0,1181314533287235584,RT @danielnewmanUV: Did you see the @Microsoft Surface announcements today? Here are my thoughts on the big launch‚Ä¶ https://t.co/Ts2YKbljHO
$MSFT,2019-10-07,Mon Oct 07 21:04:45,en,0,0,1181314441549434880,"https://t.co/rvI0ZpZg01

$MSFT $ORCL üë®‚Äçüíªüë®‚Äçüíªüì±üì±üíªüíªüëÅüëÅ"
$MSFT,2019-10-07,Mon Oct 07 21:03:55,en,1,0,1181314234044551168,Quantitative Value - A Great Investing Approach: https://t.co/CjyjfJdDm9 $SPY $QQQ $IWM $AAPL $IBM $INTC $AMZN $MSFT $NFLX $TSLA $KO $PEP
$MSFT,2019-10-07,Mon Oct 07 21:01:52,en,0,14,1181313717935325184,RT @1MainCapital: Public cloud adoption still in early innings $AMZN $MSFT $GOOG https://t.co/gSd8JFk9bd
$MSFT,2019-10-07,Mon Oct 07 21:01:28,en,64,14,1181313616676610048,Public cloud adoption still in early innings $AMZN $MSFT $GOOG https://t.co/gSd8JFk9bd
$MSFT,2019-10-07,Mon Oct 07 20:59:55,en,8,0,1181313226522406912,Looks like Difucci finally got some software names yanked from him-Thill takes over $MSFT and upgrades it to a Buy‚Ä¶ https://t.co/xMP9nEd7Th
$MSFT,2019-10-07,Mon Oct 07 20:57:09,en,0,0,1181312528237899781,@oddballstocks Stay long $msft
$MSFT,2019-10-07,Mon Oct 07 20:51:41,en,0,10,1181311152065671168,"RT @11Graphs: 1/ Most profitable top 25 largest worldwide companies by EBITDA Margin:
1. üá∫üá∏ VISA $V: 71%
2. üáπüáº TSMC $TSM: 65%
3. üá∫üá∏ MASTERC‚Ä¶"
$MSFT,2019-10-07,Mon Oct 07 20:50:35,en,1,0,1181310877150126082,$MSFT 120' https://t.co/KGk4VvnG1a
$MSFT,2019-10-07,Mon Oct 07 20:49:55,en,1,0,1181310710812479488,@asymmetricalpha Looks like they just tagged $msft to help hold this fraud up a little better tomorrow with an AH upgrade lol
$MSFT,2019-10-07,Mon Oct 07 20:43:28,en,0,0,1181309087314857984,"Amazon Stock Belongs in the $1 Trillion Club With Apple and Microsoft, Analyst Says

$AMZN $AAPL $MSFT

https://t.co/EOsojrjpBE"
$MSFT,2019-10-07,Mon Oct 07 20:41:13,en,0,0,1181308518672031749,"#Apple Back In The ""Trillion Dollar"" Club, Closing In On #Microsoft $AAPL Also $BRK.B $JNJ $JPM $V $WMT $AMZN $MSFT https://t.co/zdY260YJu3"
$MSFT,2019-10-07,Mon Oct 07 20:32:40,en,3,1,1181306368852021248,Most active options $AAPL $TSLA $BABA $AMD $NVDA $NFLX $MSFT $FB $ROKU $T $AMZN $BAC $RIG $MU $JD $SNAP $GE $WYNN‚Ä¶ https://t.co/L0xlYpls1m
$MSFT,2019-10-07,Mon Oct 07 20:32:29,en,2,0,1181306324379934720,"$MSFT Green !  couldn't believe trading this low ..  Gates hasn't bought back shares yet ! 
 
Barclays sees beat-an‚Ä¶ https://t.co/pkRZhTr9Ox"
$MSFT,2019-10-07,Mon Oct 07 20:29:58,en,3,0,1181305690167693313,"After the Close:  $MSFT upgraded to Buy at Jefferies
$ORCL downgraded to Hold
@TDANetwork @OJRenick"
$MSFT,2019-10-07,Mon Oct 07 20:25:00,en,2,0,1181304437077352449,$MSFT upgraded at Jeff
$MSFT,2019-10-07,Mon Oct 07 20:21:09,en,1,0,1181303472244826112,"$MSFT $DT $TLND - Barclays sees beat-and-raise coming for Microsoft, techs https://t.co/ibaDzUq1eb"
$MSFT,2019-10-07,Mon Oct 07 20:17:57,en,0,0,1181302666003013632,"Barclays sees beat-and-raise coming for Microsoft, techs $MSFT $DT $TLND $MIME $FTNT https://t.co/RZFhLxHnOS"
$MSFT,2019-10-07,Mon Oct 07 20:11:12,en,0,4,1181300965569372160,"RT @InteractiveVid2: $VERB @VerbTech_Co @Odoo @sap $msft $orcl $adobe $crm 
#BuiltInCRM #InteractiveVideo
https://t.co/rcCm9jxAcP

#VERB la‚Ä¶"
$MSFT,2019-10-07,Mon Oct 07 20:10:42,en,0,4,1181300840705003521,"RT @InteractiveVid2: $VERB @VerbTech_Co @Odoo @sap $msft $orcl $adobe $crm 
#BuiltInCRM #InteractiveVideo
https://t.co/rcCm9jxAcP

#VERB la‚Ä¶"
$MSFT,2019-10-07,Mon Oct 07 20:06:17,en,1,1,1181299727876415488,"Today's million dollar PUT #options trade:
$MSFT $NFLX $PAYS $PM $SPOT $WYNN $BABA $BBD $AAPL $CRM $PYPL $PXD $FB‚Ä¶ https://t.co/143pGkRrBA"
$MSFT,2019-10-07,Mon Oct 07 20:06:05,en,1,1,1181299676739506176,"Today's million dollar CALL #options trade:
$AAPL $BMY $BRK.B $BYND $MKTX $NFLX $NVDA $WPM $BABA $RNG $FB $WWE‚Ä¶ https://t.co/1j19MlVRjn"
$MSFT,2019-10-07,Mon Oct 07 20:05:25,es,2,1,1181299512427589632,El #NASDAQ es un √≠ndice burs√°til que sigue la evoluci√≥n y el desempe√±o de las empresas de tecnolog√≠a m√°s importante‚Ä¶ https://t.co/zINu9mWNEv
$MSFT,2019-10-07,Mon Oct 07 20:00:30,en,0,1,1181298274512310273,"RT @MichaelPayne003: 2:30am Update: US Futures point to a lower opening, oil and 10y bond slightly higher

$MSFT $GLD $AMZN $NVDA $AMD $UNH‚Ä¶"
$MSFT,2019-10-07,Mon Oct 07 20:00:28,en,0,0,1181298266903924736,"Microsoft‚Äôs new Surface Laptop 3 could be better than the MacBook, some say. $MSFT is up 2.5% since their #tech ann‚Ä¶ https://t.co/Gr0vHP48JT"
$MSFT,2019-10-07,Mon Oct 07 20:00:19,en,0,1,1181298225262800897,RT @MichaelPayne003: Stocks slightly lower as trade talks and tensions loom $MSFT $GLD $AMZN $NVDA $AMD $UNH $PCG $BIIB $SFIX $AAPL $COST $‚Ä¶
$MSFT,2019-10-07,Mon Oct 07 20:00:09,en,1,0,1181298186671067138,"Inside Day 10/7:

$AVGO
$IBM
$LULU
$MA
$MRK
$MSFT
$PG
$PYPL
$QCOM
$SQ
$TGT
$WMT
$XLNX
$XOM

#insideday"
$MSFT,2019-10-07,Mon Oct 07 20:00:00,en,0,0,1181298149446619136,"All about tech #Stocks, $AMZN, $MSFT, $ORCL, $GOOG, GOOGL, $AAPL, $VZ, $FB, $CSCO #Investing #OnlineStockTrading:‚Ä¶ https://t.co/KvjxBIGvTG"
$MSFT,2019-10-07,Mon Oct 07 19:57:16,en,0,0,1181297459680747525,"@sawa201200 is a fn weirdo. 15.5k tweets like this all tagged at Fast Money 
$DPZ $M $ROKU $MSFT https://t.co/KoYUUI5z76"
$MSFT,2019-10-07,Mon Oct 07 19:56:25,en,4,2,1181297244894633993,"$KT Silchester International Investors Llp Lifted KT Position By $6.36 Million

https://t.co/HWTLKIVuyF

$AAPL‚Ä¶ https://t.co/nkeBVDmEVl"
$MSFT,2019-10-07,Mon Oct 07 19:55:00,en,1,0,1181296888303235073,#estate asset watch - max market cap trade for Monday - $AAPL $AMZN $ROKU $NVDA $BABA $TSLA $NFLX $MSFT $FB $AMD‚Ä¶ https://t.co/BqbNHAKJ9t
$MSFT,2019-10-07,Mon Oct 07 19:52:26,en,0,0,1181296242707648512,https://t.co/79cltDDkBo #ZDNet $MSFT #Windows10 #vuln #exploit #patch #fail  #Security #INFOSEC #NETSEC
$MSFT,2019-10-07,Mon Oct 07 19:49:02,en,0,1,1181295385706319873,RT @NoahBlaineNews: What topics of finance would you be interested in learning/reading about? Please comment below! Thanks! Hope you're enj‚Ä¶
$MSFT,2019-10-07,Mon Oct 07 19:47:52,en,1,1,1181295096106405888,What topics of finance would you be interested in learning/reading about? Please comment below! Thanks! Hope you're‚Ä¶ https://t.co/lfxeC3ecBr
$MSFT,2019-10-07,Mon Oct 07 19:47:31,en,1,0,1181295007606722561,Don't forget that today is a logical level for this reaction bounce to fizzle out. $IXIC and $DIA won't close above‚Ä¶ https://t.co/QYYV89Etxj
$MSFT,2019-10-07,Mon Oct 07 19:43:11,en,0,0,1181293917406400513,"$AAPL $MSFT $AMZN:

Amazon‚Äôs Parts Total More Than $1 Trillion, Analyst Says:

https://t.co/Gy5bquosON"
$MSFT,2019-10-07,Mon Oct 07 19:40:42,en,4,2,1181293290328596480,"$KT Corp. promotes development of #blockchain -based halal authentication platform

https://t.co/rj5mCctahe

$AAPL‚Ä¶ https://t.co/yS2erfceC0"
$MSFT,2019-10-07,Mon Oct 07 19:37:26,en,1,0,1181292467859132416,$SWI $SVMK $MSFT $APPN $NVST with quiet and tight action. $SWI and $APPN look the most promising to me at this poin‚Ä¶ https://t.co/2qUp7SE85m
$MSFT,2019-10-07,Mon Oct 07 19:30:25,en,0,1,1181290704372412418,https://t.co/ouTPWttfJB #BleepingComputer $MSFT #Windows10 #Mozilla #Firefox #downloads #parentalcontrol #Security‚Ä¶ https://t.co/GofZVPHVPc
$MSFT,2019-10-07,Mon Oct 07 19:30:00,nl,0,0,1181290597983883265,#estate assets- most active on Monday - $AMD $BAC $GE $AAPL $ROKU $F $ITUB $SNAP $CLF $T $ECA $FCX $M $RIG $AVYA‚Ä¶ https://t.co/pbJ7dZDP5u
$MSFT,2019-10-07,Mon Oct 07 19:28:09,en,2,0,1181290131690606593,I bet Buffett thinks this is a good spot for everybody to buy more $AAPL even though he wouldn't himself at $140‚Ä¶ https://t.co/ysYnZjfTFJ
$MSFT,2019-10-07,Mon Oct 07 19:27:24,en,0,0,1181289944674947074,"TOP #DJI #Stocks with the highest PE Ratio: $PG $BA $V $KO $MCD $MSFT $WMT $MRK $HD $JNJ
https://t.co/Impynobfxo https://t.co/bPz1Spm1Ve"
$MSFT,2019-10-07,Mon Oct 07 19:26:15,en,0,0,1181289655485906944,"TOP #DJI #Stocks with the best FS Ranking: $UNH $GS $NKE $V $JPM $CVX $MSFT $XOM $INTC $JNJ
https://t.co/h9QDlWiW5F https://t.co/R6PVzvxBh4"
$MSFT,2019-10-07,Mon Oct 07 19:25:16,nl,0,0,1181289406923202560,$AAPL $SNAP $AMD $FB $TSLA $NIO $MU $AMZN $BABA $BAC $BYND $INTC $BIDU $NFLX $ROKU $C $NVDA $X $PANW $ZNGA $MSFT‚Ä¶ https://t.co/Yx4Ex3DfvY
$MSFT,2019-10-07,Mon Oct 07 19:23:50,en,0,2,1181289044833030144,RT @beincrypto: $MSFT note that journalists associated with politics (especially related to Iran) alongside former political figures and go‚Ä¶
$MSFT,2019-10-07,Mon Oct 07 19:19:38,en,1,0,1181287987390189568,"@realDonaldTrump out representing us on the international table, bringing peace and stability to the world so our t‚Ä¶ https://t.co/FaBgIpggfn"
$MSFT,2019-10-07,Mon Oct 07 19:19:32,en,1,0,1181287965588414469,"üí∞ $SNWV #FDA CLEARED -""FIRST AND ONLY""=ADVANTAGE
HUGE #DIABETES BREAKTHROUGH

$DOVA $MITO $SGEN $PATK $LOGC $RDIB‚Ä¶ https://t.co/ezWLebgpNS"
$MSFT,2019-10-07,Mon Oct 07 19:15:13,en,0,0,1181286877153775617,Reviewing $MSFT article one year later....Not much has changed in outlook. Trend in #Cloud consistent.  A couple up‚Ä¶ https://t.co/2osu3eyCw9
$MSFT,2019-10-07,Mon Oct 07 19:13:41,en,0,0,1181286492783685633,https://t.co/q3qheFyYrw #Vice #ewaste #recycling $MSFT #Windows #restorediscs #copyrightinfringement #prison #Security #INFOSEC
$MSFT,2019-10-07,Mon Oct 07 19:10:54,en,2,0,1181285792854900736,"#SHORT_SQUEEZE_ALERT
In H.C. Wainwright Annual Conference , CEO mentioned Coca-cola $COKE is trying Amyris Inc.‚Ä¶ https://t.co/ZZxt4EChxc"
$MSFT,2019-10-07,Mon Oct 07 19:05:37,en,0,1,1181284460807016450,RT @boardtownblast: https://t.co/ZLh2RWPsfM #Securityweek $MSFT #Windows10 #InternetExplorer #zeroday #vuln #exploit #buggy  #Security #INF‚Ä¶
$MSFT,2019-10-07,Mon Oct 07 19:04:52,en,0,1,1181284273229312001,https://t.co/ZLh2RWPsfM #Securityweek $MSFT #Windows10 #InternetExplorer #zeroday #vuln #exploit #buggy  #Security #INFOSEC #NETSEC
$MSFT,2019-10-07,Mon Oct 07 19:02:24,en,0,0,1181283652635774976,@CNBCFastMoney $MSFT-- EXPENSIVE AND HUGE INSIDER SELLING---
$MSFT,2019-10-07,Mon Oct 07 19:00:47,en,3,0,1181283246270607365,Largest PUT OI increases $CHK $X $AAPL $TSLA $AM $FIZZ $PYPL $ALDR $ARNC $CFG $AVYA $ITUB $HPQ $MSFT $BABA $COP‚Ä¶ https://t.co/GxL2iLC1HR
$MSFT,2019-10-07,Mon Oct 07 18:56:31,en,0,0,1181282171308269569,"$MSFT $XLK - Barclays sees beat-and-raise coming for Microsoft, techs https://t.co/HMOTOTByDw"
$MSFT,2019-10-07,Mon Oct 07 18:49:16,en,2,1,1181280345452212225,Stocks slightly lower as trade talks and tensions loom $MSFT $GLD $AMZN $NVDA $AMD $UNH $PCG $BIIB $SFIX $AAPL‚Ä¶ https://t.co/ZQ8AArtIeI
$MSFT,2019-10-07,Mon Oct 07 18:42:24,en,2,0,1181278617390608384,Largest CALL OI increases $MUX $F $ATVI $PCG $AAPL $FB $AMD $C $AVYA $WPX $MGM $DHT $EOG $BABA $JD $MSFT $VNO $ADNT‚Ä¶ https://t.co/OsjJ4YikdP
$MSFT,2019-10-07,Mon Oct 07 18:36:06,en,0,2,1181277035546599424,"RT @TDANetwork: üé¨ #TheWatchList panel

Market bulls @toddgordontrade and Jason Browne share some stock picks and earnings expectations with‚Ä¶"
$MSFT,2019-10-07,Mon Oct 07 18:35:00,en,0,0,1181276755174125568,$msft $QQQ https://t.co/BMX23QB1Wf
$MSFT,2019-10-07,Mon Oct 07 18:34:21,en,12,2,1181276591374110721,"üé¨ #TheWatchList panel

Market bulls @toddgordontrade and Jason Browne share some stock picks and earnings expectati‚Ä¶ https://t.co/XEdlZWEMRW"
$MSFT,2019-10-07,Mon Oct 07 18:34:15,en,0,0,1181276568825384961,3 Reasons Microsoft's New Folding Smartphone Could Be a Big Success @themotleyfool #stocks $MSFT $GOOGL $GOOG $AAPL https://t.co/4qMfKjbljF
$MSFT,2019-10-07,Mon Oct 07 18:18:17,en,0,0,1181272548807458817,"$MSFT $SSNLF:

Will Microsoft Finally Be Able to Build a Successful Smartphone?:

https://t.co/GVdwJlplKg"
$MSFT,2019-10-07,Mon Oct 07 18:17:10,en,0,0,1181272269353607170,Grow your wealth with @ProfectuSystems trading models. $AAPL $AMZN $NFLX $GOOGL $TSLA $MSFT $VIX $SPY $VXX $UVXY $IBM $WFC $JPM $C $GS
$MSFT,2019-10-07,Mon Oct 07 18:14:44,en,0,0,1181271657824112642,"#Pepsi Deploys Marketing Gimmick to Raise More Debt &amp; Appease Lawmakers

$pep $ko $ibm $iep $brk $wfc $jpm $bac $c‚Ä¶ https://t.co/CMoNKxlchd"
$MSFT,2019-10-07,Mon Oct 07 18:13:54,en,4,0,1181271448733831175,"With all the hype over $AAPL, no one on Financial TV seems concerned that $MSFT has repeatedly failed at the $140 l‚Ä¶ https://t.co/TITwfSZzGO"
$MSFT,2019-10-07,Mon Oct 07 18:08:22,en,3,0,1181270054828204032,$DAVC.0064+78%-Annotated CHART!  Today's RED HOT MERGER STOCK! S4 filed-MERGER is ON! $AMZN $TSLA $WMT $TGT $NVDA‚Ä¶ https://t.co/zWozbhK6Xr
$MSFT,2019-10-07,Mon Oct 07 18:07:00,en,0,1,1181269709389537281,RT @IliketotweettoU: $GE Squandered $24B on Share Repurchases in 2017 &amp; 2018 While Overpaying Executives &amp; Underfunding Their Pension Plan.‚Ä¶
$MSFT,2019-10-07,Mon Oct 07 18:05:54,en,0,1,1181269435207880705,RT @ToddCFRA: Quality #ETFs have been in demand in ‚Äò19 but what‚Äôs inside $QUAL $SPHQ $DGRW is different? @cfraresearch @AstoriaAdvisors @WS‚Ä¶
$MSFT,2019-10-07,Mon Oct 07 18:03:00,en,0,0,1181268702706225152,"$ARST OVERSOLD. INSIDERS OWN 83%! 52WKH 1.48!üí∏üìàüõí
$RDUS $UTHR $PTLA $ALDR $OPK $GLPG $ARWR $ONCS $MTEM $SGYP $NEPT‚Ä¶ https://t.co/buS2xOrY1N"
$MSFT,2019-10-07,Mon Oct 07 17:58:48,en,0,0,1181267646160859139,Stocks are mixed today but Apple's technical breakdown is cherry! We provide #TechnicalAnalysis on 3300+ stocks w/L‚Ä¶ https://t.co/YIJzDEzWeg
$MSFT,2019-10-07,Mon Oct 07 17:56:12,en,0,0,1181266990662656001,"Barclays sees beat-and-raise coming for Microsoft, techs $MSFT $DT $TLND $MIME $FTNT https://t.co/TTBaawqhzC"
$MSFT,2019-10-07,Mon Oct 07 17:55:30,en,0,0,1181266818146717696,$ARST EXTREMELY OVERSOLD. INSIDERS OWN 83%! 52WKH 1.48! $AAPL $GOOG $INTC $AMZN $MSFT $AKAM $CMCSA $PFE $MU $NFLX‚Ä¶ https://t.co/o1O24ey1ch
$MSFT,2019-10-07,Mon Oct 07 17:54:34,en,0,0,1181266581537660933,U.S. stocks stabilized in midday trading after an early morning dip as the U.S. and China prepare for their latest‚Ä¶ https://t.co/g9UcvJ4Pdd
$MSFT,2019-10-07,Mon Oct 07 17:51:24,und,0,0,1181265785047732225,$ARST EXTREMELY OVERSOLD. INSIDERS OWN 83%! 52WKH 1.48! $tlry $igpk $bpth $trsi $ldsi $blsp $shmn $adny $vyst $apha‚Ä¶ https://t.co/nvCbQL4gLw
$MSFT,2019-10-07,Mon Oct 07 17:46:37,en,0,0,1181264581982687232,"$MSFT $DT $TLND - Barclays sees beat-and-raise coming for Microsoft, techs https://t.co/MqlrQXWrY3"
$MSFT,2019-10-07,Mon Oct 07 17:37:52,en,0,0,1181262378006126593,Wasn't fast enough to buy the micro-dip on $MSFT.
$MSFT,2019-10-07,Mon Oct 07 17:30:00,en,0,0,1181260399695450113,#estate asset watch- most active options on Monday - $AAPL $TSLA $AMD $BABA $NVDA $ROKU $NFLX $FB $RIG $MSFT $T‚Ä¶ https://t.co/s7z58sqj6B
$MSFT,2019-10-07,Mon Oct 07 17:29:35,en,0,0,1181260294951030785,"$MSFT @ $137.65
Sold Nov8 $126/$100 Put @ $1.05"
$MSFT,2019-10-07,Mon Oct 07 17:20:19,en,0,1,1181257961370460166,"A Beginner‚Äôs Guide to Stock Investing. 

On Amazon. 

Link: https://t.co/Nm3L7G4Zzw 

$FB $GOOGL $JPM $BAC $WFC‚Ä¶ https://t.co/UnO7rp01kZ"
$MSFT,2019-10-07,Mon Oct 07 17:18:05,en,1,0,1181257400617230337,$ARST EXTREMELY OVERSOLD. INSIDERS OWN 83%!üí∏üìàüõí $AAPL $ACWI $BHP $CBRL $CERN $CRM $CXO $DIA $EWZ $FANG $GDX $GLD‚Ä¶ https://t.co/3W3VYvpKgP
$MSFT,2019-10-07,Mon Oct 07 17:15:48,en,0,0,1181256823317204992,"$SNAP has more legs given only real $FB rival $GOOGL $MSFT $AMZN all will make a bid 
https://t.co/ySc2XFWDxd"
$MSFT,2019-10-07,Mon Oct 07 17:13:03,en,0,0,1181256131923988482,$MSFT Sponsors Catalyst Space Accelerator Data Fusion for Space Applications Cohort https://t.co/ZwcSI25EEa #stocktwits #stockmarketnews
$MSFT,2019-10-07,Mon Oct 07 17:08:34,en,2,1,1181255004662972416,$GE Squandered $24B on Share Repurchases in 2017 &amp; 2018 While Overpaying Executives &amp; Underfunding Their Pension Pl‚Ä¶ https://t.co/dDpW8eF1Si
$MSFT,2019-10-07,Mon Oct 07 17:07:27,en,0,2,1181254725020209153,RT @KobesyTrades: ùóßùó≤ùó∞ùóµ ùóóùóÆùó∂ùóπùòÜ: $QQQ nice breakdown losing key 2019 trendline. Held ~183 support and 200dma. Expect that to break on the next‚Ä¶
$MSFT,2019-10-07,Mon Oct 07 17:06:06,en,0,0,1181254384501579782,I wouldn't want to be short into a Powell speech when he literally just got done saying he will do what it takes to‚Ä¶ https://t.co/i0zjFZzM5R
$MSFT,2019-10-07,Mon Oct 07 16:54:20,en,1,0,1181251423494955008,"More #TraderWisdom in my #ebooks.
Available on #iTunes #kindle &amp; #GooglePlay:
https://t.co/6fm24Y62hc

$ES_F $NQ_F‚Ä¶ https://t.co/nrAC9paejw"
$MSFT,2019-10-07,Mon Oct 07 16:46:47,en,2,1,1181249524112773122,"$KT expands #VR ecosystem ""light weight and price""

https://t.co/smXNMDPR6Q

#wallstreet #investing #investors‚Ä¶ https://t.co/oa1Glsr15i"
$MSFT,2019-10-07,Mon Oct 07 16:39:33,en,0,0,1181247701306019840,"RT US Stocks are OVERVALUED by 40% amidst escalation in Impeachment Inquiry of Abuse of Power, Unprecedented Fed De‚Ä¶ https://t.co/PvHdZBMVGN"
$MSFT,2019-10-07,Mon Oct 07 16:38:46,en,0,2,1181247503980609537,RT @KobesyTrades: ùóßùó≤ùó∞ùóµ ùóóùóÆùó∂ùóπùòÜ: $QQQ nice breakdown losing key 2019 trendline. Held ~183 support and 200dma. Expect that to break on the next‚Ä¶
$MSFT,2019-10-07,Mon Oct 07 16:38:23,en,0,0,1181247407788564480,"POWELL PREPARED REMARKS:

*3 minute pause to buy OTM $SPX calls on stage*

""Good afternoon...""

$AAPL $AMZN $MSFT‚Ä¶ https://t.co/vltfIHEJdV"
$MSFT,2019-10-07,Mon Oct 07 16:36:46,en,10,2,1181247000265687046,ùóßùó≤ùó∞ùóµ ùóóùóÆùó∂ùóπùòÜ: $QQQ nice breakdown losing key 2019 trendline. Held ~183 support and 200dma. Expect that to break on th‚Ä¶ https://t.co/J4m42kRI3I
$MSFT,2019-10-07,Mon Oct 07 16:35:30,en,0,0,1181246682408767488,"The challenges of designing a foldable are huge. Hear that ‚Å¶@Microsoft‚Å©? $msft

Samsung Galaxy Fold Teardown - iFix‚Ä¶ https://t.co/S4orE7bTwi"
$MSFT,2019-10-07,Mon Oct 07 16:27:45,en,0,2,1181244734913814530,"RT @realsheepwolf: üí∞ $SNWV  üèÜ1ST AND ONLY #FDA CLEARED üèÜTREATMENT FOR #DIABETIC FOOT ULCERS USING #SHOCKWAVE PRINCIPLES

$CVSI $SOLY $CURR‚Ä¶"
$MSFT,2019-10-07,Mon Oct 07 16:27:34,en,0,1,1181244688831041537,"RT @realsheepwolf: üí∞ $SNWV #FDA CLEARED -""FIRST AND ONLY""=ADVANTAGE
HUGE #DIABETES BREAKTHROUGH

$DOVA $MITO $SGEN $PATK $LOGC $RDIB $TLSA‚Ä¶"
$MSFT,2019-10-07,Mon Oct 07 16:24:40,en,2,0,1181243955607932932,"Most Active #Equity #Options Midday October 7, 2019 ‚Äì $AAPL, $TSLA, $AMD, $BABA, $NVDA, $ROKU, $NFLX, $FB, $RIG, $T‚Ä¶ https://t.co/XY5oXAdHDN"
$MSFT,2019-10-07,Mon Oct 07 16:24:37,en,0,0,1181243944329515008,"Sometimes it's almost as though the markets usually go in the direction, and close at the price which would let the‚Ä¶ https://t.co/LUsaigo96k"
$MSFT,2019-10-07,Mon Oct 07 16:21:54,en,0,1,1181243260133621760,RT @mikeo188: Hopefully $SPX continues climbing the wall of worry (market makers engineering their ideal options expiration pin price) to c‚Ä¶
$MSFT,2019-10-07,Mon Oct 07 16:19:33,en,0,1,1181242669856706562,RT @aaaamhim: $ABUS EXTREMELY OVERSOLD. TINY FLOAT! Over $70k on the BID!!!!üí∏üìàüõíüçæ‚úàüî• $AAPL $ACWI $BHP $CBRL $CERN $CRM $CXO $DIA $EWZ $FANG $‚Ä¶
$MSFT,2019-10-07,Mon Oct 07 16:18:51,en,0,1,1181242493020581890,$ABUS EXTREMELY OVERSOLD. TINY FLOAT! Over $70k on the BID!!!!üí∏üìàüõíüçæ‚úàüî• $AAPL $ACWI $BHP $CBRL $CERN $CRM $CXO $DIA‚Ä¶ https://t.co/3w2sFLIQXx
$MSFT,2019-10-07,Mon Oct 07 16:14:51,en,0,1,1181241487293583361,Hopefully $SPX continues climbing the wall of worry (market makers engineering their ideal options expiration pin p‚Ä¶ https://t.co/WNZHx23EPN
$MSFT,2019-10-07,Mon Oct 07 16:13:24,en,3,1,1181241120774217728,"$GE I wonder when class action lawsuits will begin after the pension cuts?

https://t.co/pkM1eqbPCO

$AAPL $AMZN‚Ä¶ https://t.co/UKXN8vYHPK"
$MSFT,2019-10-07,Mon Oct 07 16:09:39,en,2,1,1181240176686829570,"üí∞ $SNWV #FDA CLEARED -""FIRST AND ONLY""=ADVANTAGE
HUGE #DIABETES BREAKTHROUGH

$DOVA $MITO $SGEN $PATK $LOGC $RDIB‚Ä¶ https://t.co/g5k7KtMGA8"
$MSFT,2019-10-07,Mon Oct 07 16:02:19,en,0,0,1181238333839675394,251 Profit-Packed Option Trades Yearly--Delivered to Your Inbox Daily--FREE! https://t.co/keT7H3o60L   $AAPL $MSFT $NVDA $AMD
$MSFT,2019-10-07,Mon Oct 07 16:01:03,en,0,0,1181238013021638657,"$msft second attempt to breach resistance , if it fails say hello to $134 by Thursday"
$MSFT,2019-10-07,Mon Oct 07 15:58:52,en,2,0,1181237465421512704,Reportes Trimestrales EUA 3T19  $JNJ $UNH $BLK $JPM $GS $C $WFC $BK $BAC $MS $NFLX $SYF $AXP $MMM $MCD $MSFT $PYPL‚Ä¶ https://t.co/sFL4ZJ2ZkZ
$MSFT,2019-10-07,Mon Oct 07 15:58:27,en,0,4,1181237360710864898,"RT @IBD_DChung: In The Market: This week, it may make sense to carefully watch big cap #tech #stocks as the @Nasdaq 100 shows some fortitud‚Ä¶"
$MSFT,2019-10-07,Mon Oct 07 15:52:43,en,0,0,1181235917106925574,"$ABUS .99!!?? CRAZY!! OVERSOLD, Insiders own 40%! Bounce alert üí∏ $AAPL $ACWI $BHP $CBRL $CERN $CRM $CXO $DIA $EWZ‚Ä¶ https://t.co/iaa5uizqz2"
$MSFT,2019-10-07,Mon Oct 07 15:49:57,en,0,0,1181235218994339842,Traders you can use Put Option Screener- 2 Find Potential Trade Opportunities is $NFLX $VXX $DPZ $AAPL $ROKU $AMD‚Ä¶ https://t.co/ivdLAICvUO
$MSFT,2019-10-07,Mon Oct 07 15:47:29,en,0,1,1181234598593925121,"RT @realsheepwolf: üí∞ $SNWV #FDA CLEARED -""FIRST AND ONLY""=ADVANTAGE
HUGE #DIABETES BREAKTHROUGH

$DOVA $MITO $SGEN $PATK $LOGC $RDIB $TLSA‚Ä¶"
$MSFT,2019-10-07,Mon Oct 07 15:47:19,en,2,1,1181234555954630657,"üí∞ $SNWV #FDA CLEARED -""FIRST AND ONLY""=ADVANTAGE
HUGE #DIABETES BREAKTHROUGH

$DOVA $MITO $SGEN $PATK $LOGC $RDIB‚Ä¶ https://t.co/kiAubYEyBq"
$MSFT,2019-10-07,Mon Oct 07 15:46:27,en,0,0,1181234339335593989,"Stay ahead with Nasdaq 100 news, views &amp; analysis $MSFT $AAPL $GOOG https://t.co/aT2aUz8Ka2 https://t.co/aEGzLL5nVX"
$MSFT,2019-10-07,Mon Oct 07 15:44:15,en,0,0,1181233787621007362,"$MSFT:

3 Reasons Microsoft‚Äôs New Folding Smartphone Could Be a Big ‚Ä¶:

https://t.co/L6693d4wQQ"
$MSFT,2019-10-07,Mon Oct 07 15:43:51,en,3,0,1181233683623223296,"Started watching the @BillGates documentary on @Netflix last night. Although he is no longer at the helm, watching‚Ä¶ https://t.co/v7IQRQZPOv"
$MSFT,2019-10-07,Mon Oct 07 15:41:56,en,4,0,1181233203916525569,"Weekly tech-focused email I enjoy receiving. 

Few topics covered herein: click-and-collect groceries growth; EVs a‚Ä¶ https://t.co/rT5dAhs7Rm"
$MSFT,2019-10-07,Mon Oct 07 15:40:56,en,0,0,1181232952027602944,"These 5 Dividend Stocks Pay $70 Billion a Year, Combined, to Their Shareholders

$MSFT $T $XOM

https://t.co/u8ft7RkW9o"
$MSFT,2019-10-07,Mon Oct 07 15:39:18,en,0,4,1181232540016726016,"RT @IBD_DChung: In The Market: This week, it may make sense to carefully watch big cap #tech #stocks as the @Nasdaq 100 shows some fortitud‚Ä¶"
$MSFT,2019-10-07,Mon Oct 07 15:36:50,en,0,0,1181231919331192833,$ASNA come and join the party $AREX $ICON $NAKD $CGIX $DPW $GE $EEM $HSGX $BAC $SPY $FB $XLF $MSFT $ABEV $NBEV $CHK‚Ä¶ https://t.co/yBhqPlwGbU
$MSFT,2019-10-07,Mon Oct 07 15:34:25,en,0,2,1181231311178076160,"RT @realsheepwolf: Anthony Michael Stolarski Acquires 11,036,864 Shares of SANUWAVE Health, Inc. (OTCMKTS: $SNWV ) Stock

https://t.co/vbPO‚Ä¶"
$MSFT,2019-10-07,Mon Oct 07 15:32:30,en,0,1,1181230827620966403,"RT @realsheepwolf: SANUWAVE Health, Inc. (OTCMKTS: $SNWV ) CEO Purchases $612,690.10 in Stock

https://t.co/PyMw4CtUAl

$DOVA $MITO $SGEN $‚Ä¶"
$MSFT,2019-10-07,Mon Oct 07 15:32:22,en,2,1,1181230795022884864,"SANUWAVE Health, Inc. (OTCMKTS: $SNWV ) CEO Purchases $612,690.10 in Stock

https://t.co/PyMw4CtUAl

$DOVA $MITO‚Ä¶ https://t.co/W7ypidyGR0"
$MSFT,2019-10-07,Mon Oct 07 15:31:32,en,0,2,1181230586612125698,"RT @realsheepwolf: Anthony Michael Stolarski Acquires 11,036,864 Shares of SANUWAVE Health, Inc. (OTCMKTS: $SNWV ) Stock

https://t.co/vbPO‚Ä¶"
$MSFT,2019-10-07,Mon Oct 07 15:31:23,en,3,2,1181230549395894272,"Anthony Michael Stolarski Acquires 11,036,864 Shares of SANUWAVE Health, Inc. (OTCMKTS: $SNWV ) Stock‚Ä¶ https://t.co/98fIHSYwLE"
$MSFT,2019-10-07,Mon Oct 07 15:29:59,en,0,0,1181230195161944065,"üè¶ Conservative Buy Rankings üè¶
ü•á $GOOGL ‚ñ™Ô∏è Alphabet Inc. Class A
ü•à $MSFT ‚ñ™Ô∏è Microsoft Corporation
ü•â $WMT ‚ñ™Ô∏è Walmart‚Ä¶ https://t.co/712q3kEWCu"
$MSFT,2019-10-07,Mon Oct 07 15:23:23,en,0,2,1181228534368526336,RT @danielnewmanUV: Big week for @Microsoft in case you missed here were the announcements and some takes on the action -&gt; Microsoft Event:‚Ä¶
$MSFT,2019-10-07,Mon Oct 07 15:21:19,en,0,0,1181228014962712578,"@embrace_t_world $AAPL just one of the few great setups. 

$COST $ATVI $NOW $FB $MSFT $AMD... the list just goes on and on"
$MSFT,2019-10-07,Mon Oct 07 15:18:26,en,0,4,1181227288056213507,"RT @IBD_DChung: In The Market: This week, it may make sense to carefully watch big cap #tech #stocks as the @Nasdaq 100 shows some fortitud‚Ä¶"
$MSFT,2019-10-07,Mon Oct 07 15:17:54,en,3,4,1181227155730116609,"In The Market: This week, it may make sense to carefully watch big cap #tech #stocks as the @Nasdaq 100 shows some‚Ä¶ https://t.co/AuYbDw3Qmn"
$MSFT,2019-10-07,Mon Oct 07 15:13:18,en,0,0,1181225995308818434,"$MSFT $AMZN $IBM:

Buy The Alteryx Dip:

https://t.co/UDrlCcug3t"
$MSFT,2019-10-07,Mon Oct 07 15:11:24,en,0,0,1181225518416498689,"$ZEN, heavy eyes !
#stocktrading #stockstowatch 
$FB $AAPL $AMZN $NVDA $GOOGL $NFLX $MSFT $BA $SPY $QQQ $IBB $TVIX‚Ä¶ https://t.co/v63qVhLq7t"
$MSFT,2019-10-07,Mon Oct 07 15:09:34,en,2,0,1181225058058084353,"$PINS
Unique buying opportunity after recent price fall

Results confirm prospects
Low cash burn
High growth
Ample‚Ä¶ https://t.co/pvuCrUakG8"
$MSFT,2019-10-07,Mon Oct 07 15:08:53,en,0,0,1181224887567945729,$AMZN is gonna be key to a sustained move higher in the markets. Expecting it to get panic bid to ~$1800 soon‚Ä¶ https://t.co/uc2Gm0uoU3
$MSFT,2019-10-07,Mon Oct 07 15:06:45,en,0,0,1181224350369878018,"Microsoft $MSFT: Beneath The Surface

https://t.co/ttXbWW735H"
$MSFT,2019-10-07,Mon Oct 07 15:05:01,en,2,0,1181223911544852483,"Still winning. 
-

$MSFT Trading News - High Win Rate Trigger in Microsoft (MSFT) https://t.co/RFabxb5UWb"
$MSFT,2019-10-07,Mon Oct 07 15:02:01,en,0,2,1181223156905922563,"RT @realsheepwolf: üí∞ $SNWV  üèÜ1ST AND ONLY #FDA CLEARED üèÜTREATMENT FOR #DIABETIC FOOT ULCERS USING #SHOCKWAVE PRINCIPLES

$CVSI $SOLY $CURR‚Ä¶"
$MSFT,2019-10-07,Mon Oct 07 15:01:34,en,2,0,1181223045261860864,AMD's Surface Partnership With Microsoft Is Just the Beginning -   Multi year semi-custom product pipeline in play.‚Ä¶ https://t.co/acHKqu8QK5
$MSFT,2019-10-07,Mon Oct 07 14:59:10,en,0,0,1181222442137788416,"$IWM Daily setting up for nice move. 
In Nov15 $165 Calls @.06 

$AAPL $SPY $FB $MSFT $NFLX https://t.co/8n0ZMCWNxU"
$MSFT,2019-10-07,Mon Oct 07 14:58:30,en,1,1,1181222270959804422,"Avg. Price Target Review $KT Corp to Hit $14.1 in short period

https://t.co/vRed2nUo5y

$AAPL $AMZN $BA $BAC‚Ä¶ https://t.co/8TEpTfBWBI"
$MSFT,2019-10-07,Mon Oct 07 14:45:56,en,0,0,1181219110404968453,"$ABUS OVERSOLD, Insiders own 40%! Institutions own 74% of floatüí∏ $AAPL $ACWI $BHP $CBRL $CERN $CRM $CXO $DIA $EWZ‚Ä¶ https://t.co/WeeDibcr1l"
$MSFT,2019-10-07,Mon Oct 07 14:45:19,en,0,0,1181218953189871621,@federalreserve will make sure the stock market is risk free and our tech stocks keep going up in value no matter w‚Ä¶ https://t.co/4IOBWPDIgD
$MSFT,2019-10-07,Mon Oct 07 14:40:49,en,2,2,1181217820836876288,"üí∞ $SNWV  üèÜ1ST AND ONLY #FDA CLEARED üèÜTREATMENT FOR #DIABETIC FOOT ULCERS USING #SHOCKWAVE PRINCIPLES

$CVSI $SOLY‚Ä¶ https://t.co/h7D4FzeCUJ"
$MSFT,2019-10-07,Mon Oct 07 14:33:28,en,0,4,1181215971199074306,RT @Ashadowempire: $invu time for some DD! $SPY $SPX $QQQ $ES_F $NQ_F $RTY_F $ZB_F $GC_F $NDX $RUT $AAPL $NFLX $AMZN $TSLA $VIX $FB $MSFT $‚Ä¶
$MSFT,2019-10-07,Mon Oct 07 14:31:48,en,0,1,1181215554809532416,"RT @realsheepwolf: üí∞ $SNWV #FDA CLEARED -GROUND FLOOR OPPORTUNITY 
üî•HUGE #DIABETES BREAKTHROUGH

$DOVA $MITO $SGEN $PATK $LOGC $RDIB $TLSA‚Ä¶"
$MSFT,2019-10-07,Mon Oct 07 14:31:42,en,4,1,1181215529366966273,"üí∞ $SNWV #FDA CLEARED -GROUND FLOOR OPPORTUNITY 
üî•HUGE #DIABETES BREAKTHROUGH

$DOVA $MITO $SGEN $PATK $LOGC $RDIB‚Ä¶ https://t.co/Io5sy7syEk"
$MSFT,2019-10-07,Mon Oct 07 14:31:16,en,0,0,1181215418221940736,@RoarkTheman I like $MSFT as a short.  Liked it as a long in the $30's and lower.
$MSFT,2019-10-07,Mon Oct 07 14:27:51,en,0,4,1181214558213607425,RT @Ashadowempire: $invu time for some DD! $SPY $SPX $QQQ $ES_F $NQ_F $RTY_F $ZB_F $GC_F $NDX $RUT $AAPL $NFLX $AMZN $TSLA $VIX $FB $MSFT $‚Ä¶
$MSFT,2019-10-07,Mon Oct 07 14:26:39,en,0,0,1181214257557491713,"https://t.co/Oe3yePIsLO Stocks fall as U.S, China prepare for trade talks $MSFT #MSFT #Stockindicesandaverages‚Ä¶ https://t.co/k7NEaJVKAZ"
$MSFT,2019-10-07,Mon Oct 07 14:26:35,en,0,0,1181214240029528064,"Stocks fall as U.S, China prepare for trade talks $MSFT #MSFT #Stockindicesandaverages #Stockmarkets‚Ä¶ https://t.co/0zTY2fMAHk"
$MSFT,2019-10-07,Mon Oct 07 14:24:38,en,0,0,1181213747718889472,$MSFT unusually weak today
$MSFT,2019-10-07,Mon Oct 07 14:23:34,en,0,0,1181213480801783813,"@NBCNews üíñ
judge wrote #Trump's argument ""repugnant to the nation's governmental structure &amp; constitutional values.‚Ä¶ https://t.co/kjLNL2nL4b"
$MSFT,2019-10-07,Mon Oct 07 14:19:09,en,1,0,1181212371727130625,"The Most Important Secular Trends And How To Play Them https://t.co/qWEZ0UosX3 $AAPL, $ADBE, $AMZN, $AXP, $BABA,‚Ä¶ https://t.co/53h2LETw2Y"
$MSFT,2019-10-07,Mon Oct 07 14:18:30,en,0,0,1181212207553679360,Market starts to go up but $MSFT fall when it does lol üòÇ smh ü§¶üèæ‚Äç‚ôÇÔ∏è
$MSFT,2019-10-07,Mon Oct 07 14:18:29,en,0,44,1181212203782942721,"RT @gualestrit: Peso en el S&amp;P 500 (6/10/19)

4.31% $MSFT Microsoft
3.88% $AAPL Apple
2.97% $AMZN Amazon
1.79% $FB Facebook
1.66% $BRK.B Be‚Ä¶"
$MSFT,2019-10-07,Mon Oct 07 14:15:41,en,0,0,1181211496543637504,https://t.co/SIufHiMNj7 The World #1 Algorithm Based Alert Service for Traders! The REAL DEAL!!! $SPX $SPY $MU‚Ä¶ https://t.co/0RvMHRIcGs
$MSFT,2019-10-07,Mon Oct 07 14:14:56,en,0,0,1181211307036553217,"üí∞ Highest Market Caps üí∞
ü•áMicrosoft Corporation
$MSFT ¬ª 137.39 üîΩ0.73‚ñ™Ô∏èÔ∏è0.53%
ü•àApple Inc.
$AAPL ¬ª 227.52 üîº0.51‚ñ™Ô∏èÔ∏è0.22‚Ä¶ https://t.co/6mDa5I65cg"
$MSFT,2019-10-07,Mon Oct 07 14:04:15,en,0,0,1181208619301380097,$MSFT Market just drops for no reason.
$MSFT,2019-10-07,Mon Oct 07 13:54:32,en,0,0,1181206172977844224,@CNBCFastMoney $MSFT-- EXPENSIVE AND INSIDER SELLING
$MSFT,2019-10-07,Mon Oct 07 13:54:07,en,0,0,1181206068216680449,"These 5 Dividend Stocks Pay $70 Billion a Year, Combined, to Their Shareholders @themotleyfool #stocks $XOM $MSFT‚Ä¶ https://t.co/inI1WY2SQ9"
$MSFT,2019-10-07,Mon Oct 07 13:54:01,en,1,0,1181206044925730817,Short sale volume (not short interest) for $MSFT at 2019-10-04 is 48%. https://t.co/YFdgCHVJMW $AAPL 47% $CSCO 35% $SAP 26%
$MSFT,2019-10-07,Mon Oct 07 13:51:14,en,0,0,1181205345978466306,"Tom O'Brien goes live at 10AM EST - https://t.co/w1ekP4PXJl
He will be discussing this weeks action and fundamental‚Ä¶ https://t.co/fWrjAPSNUD"
$MSFT,2019-10-07,Mon Oct 07 13:50:37,en,0,0,1181205189858078720,"$ABUS EXTREMELY OVERSOLD. TINY FLOAT!üí∏üìàüõí
$spy $vrus $vyst $siml $amzn $cbbt $goog $laho $tsla $qqq $erbb $cwnr $fb‚Ä¶ https://t.co/uf1gglxdg5"
$MSFT,2019-10-07,Mon Oct 07 13:49:45,en,0,0,1181204973104689153,"The $MSFT #SurfaceEvent  and the changing tech landscape. 

Microsoft: Beneath The Surface - Microsoft Corporation‚Ä¶ https://t.co/YYv4urRCoB"
$MSFT,2019-10-07,Mon Oct 07 13:47:38,en,0,0,1181204437190221824,$AVYA partnerships with $MSFT and $RNG. Strong investment.
$MSFT,2019-10-07,Mon Oct 07 13:45:01,en,0,0,1181203778281840640,$ABUS EXTREMELY OVERSOLD. TINY FLOAT!üí∏üìàüõí $AAPL $GOOG $INTC $AMZN $MSFT $AKAM $CMCSA $PFE $MU $NFLX $NOK $XOM $UNH‚Ä¶ https://t.co/KlyfVebt6m
$MSFT,2019-10-07,Mon Oct 07 13:44:54,en,0,0,1181203749525696512,"$ABUS EXTREMELY OVERSOLD. TINY FLOAT! HUGE BUYSüí∏üìà
$RDUS $UTHR $PTLA $ALDR $OPK $GLPG $ARWR $ONCS $MTEM $SGYP $NEPT‚Ä¶ https://t.co/4UmN8bEvlI"
$MSFT,2019-10-07,Mon Oct 07 13:42:22,en,0,0,1181203113874792449,"Why Hardware is to Set to Boost Software-fueled Microsoft Stock

$MSFT $AAPL  

https://t.co/riqNTOMT5k"
$MSFT,2019-10-07,Mon Oct 07 13:40:04,en,0,1,1181202534322626560,"RT @BioTickerInc: Microsoft, Silvercloud to ‚Äúpioneer‚Äù AI in mental health
$MSFT #AI #ArtificialIntelligence #ML #machinelearning #mentalhea‚Ä¶"
$MSFT,2019-10-07,Mon Oct 07 13:34:19,en,0,0,1181201087434506240,To BUY after last closing.  $AAPL $BA $DIS $INTC $JNJ $KO $MCD $MRK $MSFT $NKE $PFE $PG $UNH $V $VZ $WMT .‚Ä¶ https://t.co/jD95PVEG4t
$MSFT,2019-10-07,Mon Oct 07 13:33:58,en,0,0,1181201000138465282,$RNG gets an upgrade from $jpm $AVYA and $msft pr plus $MS pt increase
$MSFT,2019-10-07,Mon Oct 07 13:33:17,en,0,0,1181200826297139200,"$AMZN $GOOGL $AAPL $MSFT:

Amazon Expands in Brazil With the Latest Alexa and Echo Move:

https://t.co/4945JEqmMG"
$MSFT,2019-10-07,Mon Oct 07 13:33:17,en,1,0,1181200825110188032,"$CSCO $LOGM $ADBE $MSFT:

LogMeIn (LOGM) Upgrades UCC Portfolio, Unveils GoToMeeting:

https://t.co/G4V0bsocNC"
$MSFT,2019-10-07,Mon Oct 07 13:33:11,en,3,0,1181200801051680769,"Solos is an emerging #AR #Smartglasses leader for Asia markets.

Note Hong Kong employees of #Kopin join new‚Ä¶ https://t.co/NlGhjy3scR"
$MSFT,2019-10-07,Mon Oct 07 13:31:25,en,0,1,1181200359005528064,"RT @smartmoneyact: Options buying recap from Friday 10/4... 

$FIZZ $X $APLS $ATVI $W $STNG $LPLA $DAL $MSFT $BMY $ADNT $BAC $NEM $WORK $WF‚Ä¶"
$MSFT,2019-10-07,Mon Oct 07 13:31:20,en,0,0,1181200336163393539,"üí™ Wall St Solver Power Rankings üí™
ü•á $AAPL ‚ñ™Ô∏è Apple Inc.
ü•à $AMZN ‚ñ™Ô∏è https://t.co/YJ0zftNqcc Inc.
ü•â $MSFT ‚ñ™Ô∏è Microsof‚Ä¶ https://t.co/1fIcSwuCit"
$MSFT,2019-10-07,Mon Oct 07 13:30:59,en,5,1,1181200249601351685,"Options buying recap from Friday 10/4... 

$FIZZ $X $APLS $ATVI $W $STNG $LPLA $DAL $MSFT $BMY $ADNT $BAC $NEM‚Ä¶ https://t.co/1BJl3YIcUT"
$MSFT,2019-10-07,Mon Oct 07 13:28:00,und,0,0,1181199497327730688,$AAPL $ROKU $WMT $USO $T $MRK $NVDA $CMCSA $MSFT On watch
$MSFT,2019-10-07,Mon Oct 07 13:27:03,en,0,1,1181199260177580032,"Microsoft, Silvercloud to ‚Äúpioneer‚Äù AI in mental health
$MSFT #AI #ArtificialIntelligence #ML #machinelearning‚Ä¶ https://t.co/jZR4DnZIor"
$MSFT,2019-10-07,Mon Oct 07 13:25:09,en,0,0,1181198778969313284,"With past performance like this, how can you not sign up for a Free 7-day trial to https://t.co/86dtWvjHR4? Winning‚Ä¶ https://t.co/8vRXDxUEMI"
$MSFT,2019-10-07,Mon Oct 07 13:23:53,en,2,0,1181198462672502789,$MSFT - Microsoft: Beneath The Surface. Read more and sign up for updates: https://t.co/Ein8GccXjG #business #finance #trading
$MSFT,2019-10-07,Mon Oct 07 13:20:05,en,0,0,1181197505754783744,@CNBCFastMoney $MSFT-- EXPENSIVE AND HUGE INSIDER SELLING
$MSFT,2019-10-07,Mon Oct 07 13:19:11,en,0,0,1181197276787675136,"@nytimes $GS
How bout #JoeBiden #HunterBiden Ukranian &amp; Chinese LLCs pipin in windfall Biden cash?
How bout‚Ä¶ https://t.co/0iAJvAAhwE"
$MSFT,2019-10-07,Mon Oct 07 13:16:17,en,0,0,1181196548748787712,"$MSFT:

Microsoft Stock Is Poised for An Upside Breakout:

https://t.co/C4K9WWt80c"
$MSFT,2019-10-07,Mon Oct 07 13:14:06,en,1,0,1181195997713698816,"EOP Option Trade of the Day - https://t.co/uxn9YHYRC8

$MSFT $BTC $TLRY $FB $NVDA $BYND $TWLO $BKNG $AMZN $GOOGL‚Ä¶ https://t.co/0mwRHTZ1aX"
$MSFT,2019-10-07,Mon Oct 07 13:12:33,en,0,0,1181195609665101826,"$ABUS BOUNCING premarket EXTREMELY OVERSOLD!üí∏üìà
$spy $vrus $vyst $siml $amzn $cbbt $goog $laho $tsla $qqq $erbb‚Ä¶ https://t.co/ETwLqkyM4m"
$MSFT,2019-10-07,Mon Oct 07 13:10:31,en,0,0,1181195099616813057,$ABUS LOOK HOW THIN L2 is to $3. Premarket play of the day.üí∏ $AAPL $ACWI $BHP $CBRL $CERN $CRM $CXO $DIA $EWZ $FANG‚Ä¶ https://t.co/b5DL1udWRt
$MSFT,2019-10-07,Mon Oct 07 13:08:54,en,0,0,1181194692031107072,Microsoft Corporation (MSFT) Moves Lower on Volume Spike for January 16 https://t.co/Bxf9DiZ7pX $MSFT #stocks #stockmarket
$MSFT,2019-10-07,Mon Oct 07 13:06:05,en,0,2,1181193980295438338,"RT @realsheepwolf: üí∞ $SNWV #FDA CLEARED -#DIABETES BREAKTHROUGH
üî•HUGE GROUND FLOOR OPPORTUNITY 

$DOVA $MITO $SGEN $PATK $LOGC $RDIB $TLSA‚Ä¶"
$MSFT,2019-10-07,Mon Oct 07 13:03:32,en,0,2,1181193339892310016,"RT @Zen_n_Sys: ""If the two sides can't agree on some sort of a #China #tradewar truce, then #Trump will likely go ahead with hiking tariffs‚Ä¶"
$MSFT,2019-10-07,Mon Oct 07 13:03:06,en,0,0,1181193232862109701,#estate asset watch - active in premarket Monday - $PFNX $GE $ERIC $LUNA $TS $UBER $TEVA $MT $AAPL $AMD $SDC $BBL‚Ä¶ https://t.co/Oubo4KflHV
$MSFT,2019-10-07,Mon Oct 07 13:02:19,en,0,2,1181193033208995842,"RT @realsheepwolf: üí∞ $SNWV #FDA CLEARED -#DIABETES BREAKTHROUGH
üî•HUGE GROUND FLOOR OPPORTUNITY 

$DOVA $MITO $SGEN $PATK $LOGC $RDIB $TLSA‚Ä¶"
$MSFT,2019-10-07,Mon Oct 07 13:02:00,en,5,2,1181192953655640065,"üí∞ $SNWV #FDA CLEARED -#DIABETES BREAKTHROUGH
üî•HUGE GROUND FLOOR OPPORTUNITY 

$DOVA $MITO $SGEN $PATK $LOGC $RDIB‚Ä¶ https://t.co/j6CwH0MCvi"
$MSFT,2019-10-07,Mon Oct 07 13:00:04,en,0,0,1181192468727029760,Top stocks on trend MELTDOWN watchlist: $MSFT $AMZN $GOOGL $GOOG $BRK.B $WMT $PG $XOM $T $BAC
$MSFT,2019-10-07,Mon Oct 07 12:56:12,en,2,0,1181191492775350273,@Lior_Ronen Skype is a huge missed opportunity by $MSFT; the bare minimum would be to combine it with LinkedIn to l‚Ä¶ https://t.co/EL8VbaReMG
$MSFT,2019-10-07,Mon Oct 07 12:37:39,en,0,18,1181186826435993601,RT @danielnewmanUV: Did you see the @Microsoft Surface announcements today? Here are my thoughts on the big launch -&gt; Microsoft Event: New‚Ä¶
$MSFT,2019-10-07,Mon Oct 07 12:37:09,en,0,3,1181186699344465922,RT @BullishRunStock: $IMTL Image Protect Inc (OTCMKTS:IMTL) Completes Fotofy Dev Phase with Launch of Proprietary Programmatic Ad Exchange.‚Ä¶
$MSFT,2019-10-07,Mon Oct 07 12:24:37,en,0,2,1181183545387208705,"RT @Zen_n_Sys: ""If the two sides can't agree on some sort of a #China #tradewar truce, then #Trump will likely go ahead with hiking tariffs‚Ä¶"
$MSFT,2019-10-07,Mon Oct 07 12:24:00,en,0,0,1181183390231302150,Roller coaster week ended mixed. Get the Technical Breakdown of the market for last week in the weekly comment:¬†Wil‚Ä¶ https://t.co/c1HvfpGUgb
$MSFT,2019-10-07,Mon Oct 07 12:23:30,en,3,2,1181183266143002624,"""If the two sides can't agree on some sort of a #China #tradewar truce, then #Trump will likely go ahead with hikin‚Ä¶ https://t.co/9PEewjEMzZ"
$MSFT,2019-10-07,Mon Oct 07 12:18:58,en,0,0,1181182123866312704,Microsoft Corporation (MSFT) Closes 1.4% Down on the Day for January 16 https://t.co/InT6V0ih1n $MSFT #stocks #stockmarket
$MSFT,2019-10-07,Mon Oct 07 12:14:39,en,2,1,1181181038778863617,Quality #ETFs have been in demand in ‚Äò19 but what‚Äôs inside $QUAL $SPHQ $DGRW is different? @cfraresearch‚Ä¶ https://t.co/cBoDXOYiLK
$MSFT,2019-10-07,Mon Oct 07 12:04:14,en,0,2,1181178416068022284,RT @SprinkleBit: Apple's CEO Tim Cook's close ties with Donald Trump may explain why the company spends less on lobbying than other tech gi‚Ä¶
$MSFT,2019-10-07,Mon Oct 07 12:00:07,en,1,2,1181177379278004225,Apple's CEO Tim Cook's close ties with Donald Trump may explain why the company spends less on lobbying than other‚Ä¶ https://t.co/61DMeMiQic
$MSFT,2019-10-07,Mon Oct 07 11:54:21,en,0,0,1181175931337150464,Guggenheim downgrades $ALGN to Neutral and lowers PT  to $200 $XRAY  $MSFT $NVST $HSIC $SDC https://t.co/GgIcpoyxR5
$MSFT,2019-10-07,Mon Oct 07 11:51:28,en,0,47,1181175205919645698,"RT @DefyCCC: #BigTech ($GOOG, $FB, $TWTR, &amp; $MSFT) are foreign agents who have formed a collusive monopoly. They want to be part of #Global‚Ä¶"
$MSFT,2019-10-07,Mon Oct 07 11:41:25,en,1,0,1181172676452343809,Put Option Screener- Find Potential Trade Opportunities (can help you find trade ideas in $AMZN $CAT $TSLA $MSFT‚Ä¶ https://t.co/52s0y1fKGk
$MSFT,2019-10-07,Mon Oct 07 11:33:38,en,0,3,1181170715074056192,RT @thiruvar: WL for 10/7/19: $CPRT $CDW $NOW $LULU $EW $EDU $LHX $BOOT $MSFT $FSS $ESNT $CMCSA $TPX $JCOM $HAS $NOC $TWTR $TER $DOCU $PFPT‚Ä¶
$MSFT,2019-10-07,Mon Oct 07 11:27:02,en,0,0,1181169053358010368,"$MSFT Hate this market lately. Up and down, down down, down, up, down lol. Smh ü§¶üèæ‚Äç‚ôÇÔ∏è We need some up, up, up, up, up days now."
$MSFT,2019-10-07,Mon Oct 07 11:17:04,en,0,9,1181166548683284485,"RT @Jtacher51: Something I learned from JC @allstarcharts is the value of going through the DOW 30. 

Uptrend: $AAPL $HD $KO $MCD $MRK $MSF‚Ä¶"
$MSFT,2019-10-07,Mon Oct 07 11:15:59,en,0,0,1181166273897648128,"$MSFT Third time‚Äôs a charm? Microsoft makes a risky gamble back into smartphones

https://t.co/tsP3ChG1hV"
$MSFT,2019-10-07,Mon Oct 07 11:04:04,en,0,95,1181163276333387779,RT @charliebilello: Yesterday was the 11th anniversary of the Lehman bankruptcy. Returns if you bought tech stocks at the close that day &amp;‚Ä¶
$MSFT,2019-10-07,Mon Oct 07 11:01:16,en,0,0,1181162571837005825,"Random facts for thought

Both $WMT and $AMZN current EBITDA of ~$33b. $WMT trades at ~12x, $AMZN at ~22x

$AAPL EB‚Ä¶ https://t.co/EQ4GBUFtYj"
$MSFT,2019-10-07,Mon Oct 07 10:59:13,en,0,44,1181162056684322818,"RT @gualestrit: Peso en el S&amp;P 500 (6/10/19)

4.31% $MSFT Microsoft
3.88% $AAPL Apple
2.97% $AMZN Amazon
1.79% $FB Facebook
1.66% $BRK.B Be‚Ä¶"
$MSFT,2019-10-07,Mon Oct 07 10:44:48,en,0,0,1181158428338577408,Microsoft's Surface Duo Is a Niche Device With an Identity Crisis @themotleyfool #stocks $MSFT $GOOGL $KYOCF $SSNLF‚Ä¶ https://t.co/8i2GQrvpwu
$MSFT,2019-10-07,Mon Oct 07 10:44:01,en,0,0,1181158228404637697,$MSFT $T Bernie Sanders Proposes Ending All Corporate Giving in U.S. Elections via https://t.co/dU2ohMsCEH
$MSFT,2019-10-07,Mon Oct 07 10:34:46,et,1,0,1181155901899718656,#Watchlist 10/7  $TEL $PHM $HCP $ANGL $MSFT
$MSFT,2019-10-07,Mon Oct 07 10:12:10,en,0,0,1181150213983129600,"$MSFT $T:

These 5 Dividend Stocks Pay $70 Billion a Year, Combined, to Their ‚Ä¶:

https://t.co/5HF2PEGFWC"
$MSFT,2019-10-07,Mon Oct 07 10:02:56,en,0,0,1181147890045145089,$MSFT https://t.co/ZTIcvYqTx7 Pot. pullback in Downtrend INTRAWEEK 60m-15m-4m combo chart #Microsoft #Stocks https://t.co/tLqN0ovkqA
$MSFT,2019-10-07,Mon Oct 07 10:00:06,en,0,0,1181147179383230464,"Stay ahead with Nasdaq 100 news, views &amp; analysis $MSFT $AAPL $GOOG https://t.co/aT2aUz8Ka2 https://t.co/EhfeECfJdz"
$MSFT,2019-10-07,Mon Oct 07 09:49:50,en,0,3,1181144593401815041,"RT @FusionptCapital: Standalone by EOY. 

Probably sooner.

Member tool currently. Some of the biggest trades on my thread below were drive‚Ä¶"
$MSFT,2019-10-07,Mon Oct 07 09:25:48,in,0,2,1181138544708014081,RT @mchaudhry82: Monday‚Äôs üëÄ2: $QQQ $SPY $UVXY $TSLA $NFLX $ROKU $NVDA $MU $MSFT $SNAP $TWTR $V $PYPL $SQ $OKTA $TTD $TWLO $SHOP $NOW $ZM $S‚Ä¶
$MSFT,2019-10-07,Mon Oct 07 09:23:02,en,0,3,1181137848210206720,RT @thiruvar: WL for 10/7/19: $CPRT $CDW $NOW $LULU $EW $EDU $LHX $BOOT $MSFT $FSS $ESNT $CMCSA $TPX $JCOM $HAS $NOC $TWTR $TER $DOCU $PFPT‚Ä¶
$MSFT,2019-10-07,Mon Oct 07 09:21:05,en,0,1,1181137359137587200,RT @InvestorPlace: $MSFT is making hardware sexy‚Ä¶ turning #Surface devices into a catalyst for shares. $AAPL https://t.co/joam6KInlm
$MSFT,2019-10-07,Mon Oct 07 09:20:16,en,1,1,1181137154522701824,$MSFT is making hardware sexy‚Ä¶ turning #Surface devices into a catalyst for shares. $AAPL https://t.co/joam6KInlm
$MSFT,2019-10-07,Mon Oct 07 09:20:03,en,0,0,1181137097886851072,"Progress Announces Latest Innovations for .NET Developers: New Native Components for $MSFT Blazor, Support for .NET‚Ä¶ https://t.co/mrgafi9zqd"
$MSFT,2019-10-07,Mon Oct 07 08:57:35,en,0,0,1181131444514508800,$MSFT https://t.co/uH6MnwtUpd
$MSFT,2019-10-07,Mon Oct 07 08:39:25,en,14,3,1181126871699689473,WL for 10/7/19: $CPRT $CDW $NOW $LULU $EW $EDU $LHX $BOOT $MSFT $FSS $ESNT $CMCSA $TPX $JCOM $HAS $NOC $TWTR $TER‚Ä¶ https://t.co/B2SoOya8nQ
$MSFT,2019-10-07,Mon Oct 07 08:06:23,en,0,0,1181118561965576192,Check out the chart. Going up üëáüëá $LYFT $AMD $CZR $CELG $MU $SIRI $QQQ $AMRN $SQQ $MSFT $AAPL $TVIX $JD $CMCSA $CSCO‚Ä¶ https://t.co/30JxgjzKcy
$MSFT,2019-10-07,Mon Oct 07 08:04:13,en,0,0,1181118013182889984,Check out the chart. Going upüëáüëá $AMD $ARQL $CSCO $QQQ $CMCSA $MU $SIRI $AAPL $MSFT $FB $BYND $ZNGA $INTC $TVIX $KHC‚Ä¶ https://t.co/HlNet3xdya
$MSFT,2019-10-07,Mon Oct 07 08:03:51,en,0,0,1181117923865186304,"$MSFT in Uptrend: price may ascend as a result of having broken its lower Bollinger Band on October 2, 2019. View o‚Ä¶ https://t.co/kADMU3XsAs"
$MSFT,2019-10-07,Mon Oct 07 07:51:32,und,0,0,1181114821061873666,Analyzing Destiny Media Technologies $DSNY and Microsoft $MSFT  https://t.co/igxXRcuXU6 #investingnews
$MSFT,2019-10-07,Mon Oct 07 07:51:30,und,0,0,1181114815089004545,Analyzing Destiny Media Technologies $DSNY and Microsoft $MSFT  https://t.co/NCLJwLXsWI #stocks
$MSFT,2019-10-07,Mon Oct 07 07:51:04,und,0,0,1181114704716062722,Comparing Microsoft $MSFT &amp; Destiny Media Technologies $DSNY https://t.co/82dQT2Pkq5
$MSFT,2019-10-07,Mon Oct 07 07:34:18,en,2,1,1181110488089976832,"2:30am Update: US Futures point to a lower opening, oil and 10y bond slightly higher

$MSFT $GLD $AMZN $NVDA $AMD‚Ä¶ https://t.co/CcazwEwNYw"
$MSFT,2019-10-07,Mon Oct 07 06:53:47,en,0,7,1181100290801635328,"RT @msuiche: A good metric to know if a war (which includes cyber operations) will happen with Iran.

Lockheed Martin $LMT stock has been u‚Ä¶"
$MSFT,2019-10-07,Mon Oct 07 06:50:04,en,0,0,1181099356373561344,"Intel And AMD: Computing Power Commoditization https://t.co/pU6glCdk5q $AMD, $AAPL, $MSFT, $QCOM, $TSM, $INTC"
$MSFT,2019-10-07,Mon Oct 07 05:19:21,en,0,0,1181076525304750080,üíØüîõüñ•@Microsoft: An Inside Look at Microsoft‚Äôs Newest Flight Simulator https://t.co/k7LkvCKmjl $MSFT #Microsoft‚Ä¶ https://t.co/M0a9JVsPYt
$MSFT,2019-10-07,Mon Oct 07 04:55:03,en,0,0,1181070408281448448,most active stocks on Friday - $GE $ITUB $HPQ $AMD $SNAP $BAC $AAPL $AVYA $F $ROKU $ABEV $MU $ECA $VALE $S $FCX‚Ä¶ https://t.co/os7vlbXVcc
$MSFT,2019-10-07,Mon Oct 07 04:40:04,en,3,2,1181066638160023552,$MSFT note that journalists associated with politics (especially related to Iran) alongside former political figure‚Ä¶ https://t.co/aYcxrS6SPf
$MSFT,2019-10-07,Mon Oct 07 04:27:01,en,0,1,1181063354875400194,"RT @PowerOfPivots: Stocks To Trade. Sunday Preparation Session Live Streaming $ES_F, $NQ_F, $RTY_F, $NG_F, $GC_F, $CL_F, $ROKU, $TSLA, $MSF‚Ä¶"
$MSFT,2019-10-07,Mon Oct 07 04:24:23,en,1,0,1181062691227496448,"$MSFT picksup #stake in #yesbank in return for #azure deal?
https://t.co/PPhK0GtU6e"
$MSFT,2019-10-07,Mon Oct 07 04:22:16,en,0,0,1181062159842861056,$MSFT https://t.co/ZTIcvYqTx7 Pot. consolid in Uptrend LONGERTERM Wly-Dly-Hly combo chart #Microsoft #trading https://t.co/bOi9assGkF
$MSFT,2019-10-07,Mon Oct 07 04:19:15,en,1,0,1181061401810542592,My Top 5 Books on Investing in Stocks: https://t.co/ATNeroi2uY #stocks #investing $SPY $AAPL $AMZN $DIA $MSFT $WMT
$MSFT,2019-10-07,Mon Oct 07 04:15:18,en,0,0,1181060405046779904,Here's My Top Stock to Buy in October @themotleyfool #stocks $GOOGL $GOOG $MSFT $T https://t.co/Z1fW7vs86l
$MSFT,2019-10-07,Mon Oct 07 04:09:18,en,2,1,1181058896800157697,"Stocks To Trade. Sunday Preparation Session Live Streaming $ES_F, $NQ_F, $RTY_F, $NG_F, $GC_F, $CL_F, $ROKU, $TSLA,‚Ä¶ https://t.co/qfYEyB21MK"
$MSFT,2019-10-07,Mon Oct 07 04:00:25,en,0,0,1181056660598476800,"Agnes projected $MSFT would out-perform the NASDAQ, it outperformed the NASDAQ by 0.94%, Did you outperform the NAS‚Ä¶ https://t.co/krC26mbmoz"
$MSFT,2019-10-07,Mon Oct 07 04:00:12,en,0,0,1181056606831812608,large cap leading traders for Friday - $AAPL $AMZN $NFLX $ROKU $MSFT $TSLA $FB $RNG $BABA $COST $NVDA $GOOGL $GOOG‚Ä¶ https://t.co/5T3BiYXInn
$MSFT,2019-10-07,Mon Oct 07 04:00:07,en,0,0,1181056584924876800,"Agnes projected $MSFT would out-perform the DOWJONES30, it outperformed the DOWJONES30 by 1.15%, Did you outperform‚Ä¶ https://t.co/xxEpJ77fh4"
$MSFT,2019-10-07,Mon Oct 07 03:50:40,en,4,0,1181054206062391297,"@brianalmon @Steve_Sailer Bezos didn‚Äôt even have ties to Seattle, why‚Äôd he pick it to launch Amazon?

Gates initial‚Ä¶ https://t.co/DPdCRnx4dd"
$MSFT,2019-10-07,Mon Oct 07 03:32:16,en,5,3,1181049576951668741,"Standalone by EOY. 

Probably sooner.

Member tool currently. Some of the biggest trades on my thread below were dr‚Ä¶ https://t.co/7vHBphOZfW"
$MSFT,2019-10-07,Mon Oct 07 03:14:47,en,0,0,1181045175327580161,$MSFT üôèüèæ‚úàÔ∏èüöÄüåïüíµüíµüíµüíµüíµüíµüíµ
$MSFT,2019-10-07,Mon Oct 07 03:10:33,en,2,0,1181044109139697669,"$SURG SQUEZZING$$$$$ LOOK AT CHART 
$ORCL $FB $MSFT $TWTR $ADBE $AMFE $AMRN $PHUN $HMNY $SIRI  @surgeholdings‚Ä¶ https://t.co/v7vGsX4mcR"
$MSFT,2019-10-07,Mon Oct 07 03:05:34,en,0,0,1181042856485687297,$BABA $MSFT $AAPL $SPY $AMZN https://t.co/QucCEz7phP
$MSFT,2019-10-07,Mon Oct 07 03:00:14,en,0,0,1181041512894865410,most active options on Friday - $AAPL $NFLX $TSLA $MSFT $ROKU $AMD $SNAP $COST $FB $BAC $AMZN $BABA $NVDA $PCG $MU‚Ä¶ https://t.co/6ugIASEEAR
$MSFT,2019-10-07,Mon Oct 07 02:57:18,en,1,0,1181040776547115008,This is a ‚Äòmake it or break it‚Äô week $spx $dow $ndx $faang $fb $aapl $amzn $nflx $goog $googl $dis $roku $igv $msft‚Ä¶ https://t.co/G3wbPZeIQh
$MSFT,2019-10-07,Mon Oct 07 02:57:01,en,0,0,1181040704203694080,"Microsoft | $MSFT

MSFT observation

Long or short it on WCX: https://t.co/EgAlgl7EUq https://t.co/Ummwvxxr9C"
$MSFT,2019-10-07,Mon Oct 07 02:30:35,en,1,0,1181034051324534784,"@JohnLilic Although I don‚Äôt disagree with your general sentiment, I think the comparison to $MSFT at CES is unfair.‚Ä¶ https://t.co/qsXaJj141W"
$MSFT,2019-10-07,Mon Oct 07 02:10:06,en,0,44,1181028898169114624,"RT @gualestrit: Peso en el S&amp;P 500 (6/10/19)

4.31% $MSFT Microsoft
3.88% $AAPL Apple
2.97% $AMZN Amazon
1.79% $FB Facebook
1.66% $BRK.B Be‚Ä¶"
$MSFT,2019-10-07,Mon Oct 07 02:09:00,in,13,2,1181028621290524672,Monday‚Äôs üëÄ2: $QQQ $SPY $UVXY $TSLA $NFLX $ROKU $NVDA $MU $MSFT $SNAP $TWTR $V $PYPL $SQ $OKTA $TTD $TWLO $SHOP $NOW‚Ä¶ https://t.co/pP1v156s94
$MSFT,2019-10-07,Mon Oct 07 02:00:11,en,0,0,1181026404001034246,251 Profit-Packed Option Trades Yearly--Delivered to Your Inbox Daily--FREE! https://t.co/EkEnpWZ7pP  $AMZN $GOOGL $BABA $MSFT
$MSFT,2019-10-07,Mon Oct 07 01:54:01,en,0,1,1181024851122741249,"RT @realsheepwolf: üí∞ $SNWV #FDA CLEARED -GROUND FLOOR OPPORTUNITY 
üî•HUGE #DIABETES BREAKTHROUGH

$DOVA $MITO $SGEN $PATK $LOGC $RDIB $TLSA‚Ä¶"
$MSFT,2019-10-07,Mon Oct 07 01:53:46,en,5,1,1181024787772166145,"üí∞ $SNWV #FDA CLEARED -GROUND FLOOR OPPORTUNITY 
üî•HUGE #DIABETES BREAKTHROUGH

$DOVA $MITO $SGEN $PATK $LOGC $RDIB‚Ä¶ https://t.co/y8NWbNIZAs"
$MSFT,2019-10-07,Mon Oct 07 01:45:27,en,0,44,1181022694520868864,"RT @gualestrit: Peso en el S&amp;P 500 (6/10/19)

4.31% $MSFT Microsoft
3.88% $AAPL Apple
2.97% $AMZN Amazon
1.79% $FB Facebook
1.66% $BRK.B Be‚Ä¶"
$MSFT,2019-10-07,Mon Oct 07 01:32:09,en,0,0,1181019347118170112,"@ScottMStedman $GS
Just like #JoeBiden did steering $50K+ month paydays to #HunterBiden wallet w LLCs?
Why #Condon‚Ä¶ https://t.co/nDLzZW1BXc"
$MSFT,2019-10-07,Mon Oct 07 01:32:00,en,0,44,1181019308459220997,"RT @gualestrit: Peso en el S&amp;P 500 (6/10/19)

4.31% $MSFT Microsoft
3.88% $AAPL Apple
2.97% $AMZN Amazon
1.79% $FB Facebook
1.66% $BRK.B Be‚Ä¶"
$MSFT,2019-10-07,Mon Oct 07 01:25:03,en,0,0,1181017562727026690,"With past performance like this, how can you not sign up for a Free 7-day trial to https://t.co/wYcmWgBcUg? Winning‚Ä¶ https://t.co/5NTagqcc32"
$MSFT,2019-10-07,Mon Oct 07 01:18:02,en,0,0,1181015793900953600,"@thehill $GS
#Trump &amp; #TrumpOrg Tax Returns
Unaudited returns read as ez as final product.
IRS agents need bonus pr‚Ä¶ https://t.co/xjWI215Jfi"
$MSFT,2019-10-07,Mon Oct 07 01:05:30,en,0,2,1181012639524278277,RT @IBD_ECarson: Futures Fall On China Trade News; Dow Risks Undercutting Key Level https://t.co/UPVthpBnsY $AAPL $MSFT $LULU $CMCSA $NOW h‚Ä¶
$MSFT,2019-10-07,Mon Oct 07 01:03:24,en,0,0,1181012113059454976,"For #3QEarnings, $MSFT and $AIG are expected to generate the greatest positive contributions, while Semis $SOX and‚Ä¶ https://t.co/dLS6VODLj8"
$MSFT,2019-10-07,Mon Oct 07 01:03:19,en,0,7,1181012092792561664,"RT @breadboxalerts: Bread Box Alerts - Day In Review 10/4

Full Video: https://t.co/mTF3HRobsN

https://t.co/6ApU6Begvi 

$AAPL $ABBV $ADBE‚Ä¶"
$MSFT,2019-10-07,Mon Oct 07 01:00:05,en,0,44,1181011278208389120,"RT @gualestrit: Peso en el S&amp;P 500 (6/10/19)

4.31% $MSFT Microsoft
3.88% $AAPL Apple
2.97% $AMZN Amazon
1.79% $FB Facebook
1.66% $BRK.B Be‚Ä¶"
$MSFT,2019-10-07,Mon Oct 07 00:53:13,en,0,2,1181009549374955520,RT @IBD_ECarson: Futures Fall On China Trade News; Dow Risks Undercutting Key Level https://t.co/UPVthpBnsY $AAPL $MSFT $LULU $CMCSA $NOW h‚Ä¶
$MSFT,2019-10-07,Mon Oct 07 00:52:45,en,6,2,1181009434505613312,Futures Fall On China Trade News; Dow Risks Undercutting Key Level https://t.co/UPVthpBnsY $AAPL $MSFT $LULU $CMCSA‚Ä¶ https://t.co/ST4qIjhteP
$MSFT,2019-10-07,Mon Oct 07 00:42:34,en,0,0,1181006870246502401,"@PadraigBelton @MartinaMarkota The Windows 10 Billboard Version is $26,995 a year, so, no upgrade.

#monopoly $MSFT"
$MSFT,2019-10-07,Mon Oct 07 00:39:14,en,0,44,1181006029959684097,"RT @gualestrit: Peso en el S&amp;P 500 (6/10/19)

4.31% $MSFT Microsoft
3.88% $AAPL Apple
2.97% $AMZN Amazon
1.79% $FB Facebook
1.66% $BRK.B Be‚Ä¶"
$MSFT,2019-10-07,Mon Oct 07 00:30:18,en,1,0,1181003781103849473,"$SNE chart reminds me of where $MSFT was right below 37 in 2014

Watching 60 level very closely.  Above it could spark a multi year run."
$MSFT,2019-10-07,Mon Oct 07 00:20:28,en,0,9,1181001309996011520,"RT @Jtacher51: Something I learned from JC @allstarcharts is the value of going through the DOW 30. 

Uptrend: $AAPL $HD $KO $MCD $MRK $MSF‚Ä¶"
$MSFT,2019-10-07,Mon Oct 07 00:20:05,en,0,0,1181001211664719872,"$MSFT $GE $BA $AAPL 
Alaska Is Buying Up Apple, GE, Microsoft, and Boeing Stock https://t.co/nbFydUXPSS"
$MSFT,2019-10-07,Mon Oct 07 00:00:00,en,6,1,1180996157968982018,"Market drop and pops and creates food for everyone to eat. Bears, bulls, everyone can make money. 

We the traders‚Ä¶ https://t.co/qGLzqkmvYN"
